Sportman Name,Sportman Age,Squat Number,Knee Angle,Hip Angle,Ankle Angle,Shoulder Angle,Squat Time (seconds),feedback,status
Sameera,34,1,157.91429234152534,161.94721221556685,10.869955987713391,21.60871416895004,6.14,Good,Half-Squat
Sameera,34,2,157.44274498061685,159.2581841738587,11.050444753764628,20.345294795193517,5.04,Good,Half-Squat
Sameera,34,3,157.32906267907742,161.5220690521706,11.192270419161646,22.098531244306322,5.88,Good,Half-Squat
Sameera,34,4,157.67600339534962,159.53513444804835,10.923291950499816,20.14317698905169,6.18,Good,Half-Squat
Sameera,34,5,157.741489656603,162.17481297973814,11.02434809084979,21.64674825296835,6.04,Good,Half-Squat
Sameera,34,6,157.2679203369362,159.31931187886693,11.092804695440472,20.05283004865753,5.42,Good,Half-Squat
